Inferno (English),0552169595,9780552169592,Rs. 209,624 Pages,,Transworld,2014 May,Paperback,English
Haroun And The Sea Of Stories (English),0140140433,9780140140439,Rs. 255,224 Pages,Salman Rushdie,Penguin,2000,Paperback,English
The Lost Symbol (English),0552161233,9780552161237,Rs. 165,672 Pages,,Transworld,2010,Paperback,English
Digital Fortress (English),0552151696,9780552151696,Rs. 249,512 Pages,,Transworld,2004,Paperback,English
The Ultimate Hitchhiker's Guide to the Galaxy,0345453743,9780345453747,Rs. 509,,,Random House Publishing Group,2002,Paperback,
The Da Vinci Code (English),0552149519,9780552149518,Rs. 239,608 Pages,,Transworld,2004,Paperback,English
Angels And Demons (English),0552161268,9780552161268,Rs. 341,624 Pages,,Penguin Publication,2009,Paperback,English
Angels And Demons (English),0552150738,9780552150736,Rs. 290,624 Pages,,Transworld,2003,Paperback,English
The Lost Symbol (English),059305427X,9780593054277,Rs. 399,528 Pages,,Transworld,2009,Hardcover,English
A Time To Kill (English),0099134012,9780099134015,Rs. 209,752 Pages,,Random House,1992 December,Paperback,English
Life of Pi (English),0151008116,9780151008117,"Rs. 1,349",319 Pages,,Houghton Mifflin Harcourt,2002 June,Hardcover,English
The Secret Of The Nagas (English),9380658796,9789380658797,Rs. 290,414 Pages,,Westland,2011,Paperback,English
The Kenneth Anderson Vol.2 (English),8171674569,9788171674565,Rs. 425,412 Pages,,Rupa & Co.,2000,Paperback,English
George and the Big Bang (English),0552559628,9780552559621,Rs. 259,336 Pages,,RHCP,2012 August,Paperback,English
Untitled Reilly 2 of 2 (English),1409110974,9781409110972,Rs. 505,416 Pages,,Orion Publishing Group,2011 October,Hardcover,English
Psychopath Test (English),0330492276,9780330492270,Rs. 324,,,Picador USA,,Paperback,English
The Man-Eating Leopard of Rudraprayag,0195622561,9780195622560,Rs. 191,,,Oxford University Press,1997,Paperback,
Assassin S Creed New Book 2012 (English),0718194543,9780718194543,Rs. 399,,,Penguin India,2012 November,Paperback,English
Powerplay: The Game Is On (English),8172344570,9788172344573,Rs. 162,,,FINGERPRINT,2013,Paperback,English
61 Hours (English),0553818139,9780553818130,Rs. 341,496 Pages,,Transworld,2010,Paperback,English
The Casual Vacancy (English),140870420X,9781408704202,Rs. 399,512 Pages,,"Little, Brown Book Group",2012 September,Hardcover,English
A Dance With Dragons (English),0606321853,9780606321853,"Rs. 1,261",1123 Pages,,Turtleback Books,2013 October,Prebound,English
River of Smoke (English),0719568897,9780719568893,Rs. 762,592 Pages,,John Murray Publishers,2012,Paperback,English
FIVE GREATEST WARRIORS (English),1439160775,9781439160770,Rs. 742,574 Pages,,POCKET US,2010,Paperback,English
Journey to the Centre of the Earth (English),0141441976,9780141441979,Rs. 698,,,Penguin Publishing Group,,Paperback,English
Treasure Island (English),1440424659,9781440424656,"Rs. 1,065",218 Pages,,Createspace,2008,Paperback,English
The Adventures of Tom Sawyer (English),1941043003,9781941043004,"Rs. 2,414",244 Pages,,"Solar Crest Publishing, LLC",2014,Hardcover,English
Heart of Darkness (English),143410186X,9781434101860,"Rs. 1,112",136 Pages,,Waking Lion Press,2007,Paperback,English
Robinson Crusoe (English) 2nd Edition,0393964523,9780393964523,"Rs. 1,811",448 Pages,,W. W. Norton & Company,2010,Paperback,English
Gulliver's Travels (English),0312066651,9780312066659,"Rs. 1,240",480 Pages,,Bedford Books,1995,Paperback,English
