What to Expect When You're Expecting (English),1847393896,9781847393890,Rs. 379,614 Pages,,SIMON,2008,Paperback,English
Rich Dad Poor Dad,1612680003,9781612680002,Rs. 151,,,Plata Pub,2011,Paperback,
Light on Yoga (English),8172235011,9788172235017,Rs. 287,545 Pages,B. K. S. Iyengar,Harper Collins Publishers India,2014,Paperback,English
Magic of Thinking Big (English),1416511555,9781416511557,Rs. 205,352 Pages,,Pocket Books,2006 May,Paperback,English
Happiness Unlimited (English),8182748267,9788182748262,Rs. 166,185 Pages,"Sister Shivani, Suresh Oberoi",Manjul,2015 May,Paperback,English
"Many Lives, Many Masters: The true story of a prominent psychiatrist, his young patient and the past-life therapy that changed both their lives (English)",749913789,9780749913786,Rs. 196,224 Pages,,"Little, Brown Book Group",1994,Paperback,English
The Power of Your Subconscious Mind: One of the Most Powerful Self-help Guides Ever Written! (English),1416511563,9781416511564,Rs. 148,272 Pages,,POCKET BOOKS,2006,Paperback,English
,,,,,,,,,
Asana Pranayama Mudra Bandha/2008 Fourth Revised Edition,8186336141,9788186336144,Rs. 650,,,Bihar School Of Yoga/munger/india,2008,Paperback,
"Dont Lose Out, Work Out! (English)",9383260955,9789383260959,Rs. 138,284 Pages,Rujuta Diwekar,Westland,2014 February,Paperback,English
Magic,1849838399,9781849838399,Rs. 209,,,Simon & Schuster,2011,Paperback,
Seven Spiritual Laws of Success: A Pocket Guide to Fulfilling Your Dreams (English),8189988042,9788189988043,Rs. 139,96 Pages,,HAY HOUSE,2008,hardcover,English
PREGNANCY:What The Indian Woman Always Wanted To Know But Was Afraid To Ask (English),8129105993,9788129105998,Rs. 233,264 Pages,,Rupa Publication,1991,Paperback,English
Ayurvediya Garbh Sanskar,9380571089,9789380571089,Rs. 536,224 Pages,Balaji Tambe,Sakal Papers,2007,Hardcover,Marathi
"Men Are From Mars, Women Are From Venus: Get Seriously Involved with the Classic Guide to Surviving the Opposite Sex (English)",8172235038,9788172235031,Rs. 121,384 Pages,,Harper Collins Publishers India,2003,Paperback,English
EAT THAT FROG (English),1609946782,9781609946784,Rs. 79,144 Pages,,Harper Collins Publishers India,2012,Paperback,English
How To Stop Worrying And Start Living (English),91906415,9780091906412,Rs. 108,400 Pages,,Ebury Publishing,1953 October,Paperback,English
The Road Less Travelled,1846041074,9781846041075,Rs. 283,,,Ebury Publishing,2008,Paperback,
The Power Of Now : A Guide To Spiritual Enlightenment (English),8190105914,9788190105910,Rs. 337,232 Pages,,Yogi Impressions,2001,Paperback,English
How to Talk to Anyone (English),7272618,9780007272617,Rs. 218,352 Pages,Leil Lowndes,Harper Element,2014 July,Paperback,English
The Book of Woman (English),143420615,9780143420613,Rs. 154,,,Penguin India,,Paperback,English
Finding Your Strength in Difficult Times (English) 1st  Edition,70586284,9780070586284,Rs. 212,272 Pages,David Viscott,McGraw Hill Education (India) Private Limited,2004 December,Paperback,English
Life Without Limits: Inspiration for a Ridiculously Good Life,307589749,9780307589743,Rs. 264,,,The Crown Publishing Group,2012,Paperback,
The New Encyclopedia of Modern Bodybuilding,684857219,9780684857213,Rs. 928,,,Simon & Schuster,1999,Paperback,
The Monk Who Sold His Ferrari (With CD) (English),8179927067,9788179927069,Rs. 299,216 Pages,,Jaico,2007,Paperback,English
Megaliving (English),8172246145,9788172246143,Rs. 179,172 Pages,,Jaico,1997,Paperback,English
Eat Delete : How To Get Off The Weight Loss Cycle For Good,9350292343,9789350292341,Rs. 99,,,Harper Collins Publishers India,2012,Paperback,
The Definitive Book of Body Language (English),8183220142,9788183220149,Rs. 277,400 Pages,,Manjul Publishing House Pvt. Ltd.,2005,Paperback,English
The Power of Positive Thinking (English),762412550,9780762412556,Rs. 342,231 Pages,,Alba House,1997 March,trade cloth,English
Bollywood Body by Design (English),9384225673,9789384225674,Rs. 375,312 Pages,Kris Gethin,Om Books International,2015,Paperback,English
The Beauty Diet : Eat Your Way To A Fab New You (English),8184001967,9788184001969,Rs. 194,324 Pages,,Random House India,2012,Paperback,English
,,,,,,,,,
The Power of Your Subconscious Mind : Unlock Your Master Key to Success (English),8172345666,9788172345662,Rs. 99,256 Pages,Joseph Murphy,Fingerprint! Publishing,2015 February,Paperback,English
The Bodybuilding.com: Guide to Your Best Body (English),1476733481,9781476733487,Rs. 419,240 Pages,,Simon & Schuster,2013,Paperback,English
Charles Worthington: The Complete Book of Hairstyling (English),1847327184,9781847327185,Rs. 620,304 Pages,,Carlton Publishing Group,2011,Hardcover,English
"Intuition, Knowing Beyond Logic (English)",312275676,9780312275679,Rs. 350,194 Pages,,Griffin,2001 December,Paperback,English
Kiss That Frog : 12 Great Ways To Turn Negatives Into Positives In YourLife And Work (English),9350291606,9789350291603,Rs. 129,156 Pages,,Collins Publishers,2012,Paperback,English
A New Earth: Create a Better Life,141039418,9780141039411,Rs. 324,,,Penguin Books Ltd,2009,Paperback,
How Will You Measure Your Life? (English),7490542,9780007490547,Rs. 339,221 Pages,Karen Dillon,HarperCollins Publisher,2012 May,Paperback,English
